1,google.com
2,microsoft.com
3,mail.ru
4,facebook.com
5,apple.com
6,cloudflare.com
7,instagram.com
8,twitter.com
9,office.com
10,azure.com
11,linkedin.com
12,live.com
13,googlevideo.com
14,fbcdn.net
15,amazon.com
16,doubleclick.net
17,wikipedia.org
18,workers.dev
19,github.com
20,bing.com
21,wordpress.org
22,fastly.net
23,whatsapp.net
24,icloud.com
25,googlesyndication.com
26,pinterest.com
27,sharepoint.com
28,digicert.com
29,yahoo.com
30,whatsapp.com
31,goo.gl
32,skype.com
33,adobe.com
34,vimeo.com
35,windows.net
36,spotify.com
37,msn.com
38,google-analytics.com
39,ntp.org
40,bit.ly
41,roblox.com
42,intuit.com
43,wordpress.com
44,tiktok.com
45,nic.ru
46,zoom.us
47,x.com
48,gandi.net
49,yandex.net
50,mozilla.org
51,qq.com
52,office365.com
53,unity3d.com
54,opera.com
55,blogspot.com
56,mts.ru
57,reddit.com
58,samsung.com
59,telekom.de
60,baidu.com
61,googledomains.com
62,europa.eu
63,snapchat.com
64,outlook.com
65,nginx.org
66,health.mil
67,t.me
68,apache.org
69,vk.com
70,sentry.io
71,dropbox.com
72,github.io
73,gravatar.com
74,nist.gov
75,windows.com
76,criteo.com
77,dns.google
78,userapi.com
79,tumblr.com
80,nih.gov
81,pki.goog
82,t-online.de
83,nytimes.com
84,xiaomi.com
85,applovin.com
86,myfritz.net
87,flickr.com
88,paypal.com
89,archive.org
90,telekom.net
91,ui.com
92,one.one
93,ivi.ru
94,lencr.org
95,medium.com
96,cnn.com
97,meraki.com
98,rubiconproject.com
99,t.co
100,soundcloud.com
101,discord.gg
102,theguardian.com
103,w3.org
104,casalemedia.com
105,yandex.ru
106,adobe.io
107,android.com
108,miui.com
109,kaspersky.com
110,ebay.com
111,doubleverify.com
112,taboola.com
113,amazonvideo.com
114,bbc.co.uk
115,bbc.com
116,roku.com
117,creativecommons.org
118,b-cdn.net
119,sciencedirect.com
120,webex.com
121,sourceforge.net
122,cisco.com
123,mit.edu
124,arubanetworks.com
125,scorecardresearch.com
126,imdb.com
127,example.com
128,researchgate.net
129,ubuntu.com
130,shopify.com
131,nvidia.com
132,who.int
133,vungle.com
134,canva.com
135,openai.com
136,hp.com
137,linktr.ee
138,doi.org
139,discord.com
140,slack.com
141,avast.com
142,pubmatic.com
143,googleblog.com
144,oracle.com
145,opendns.com
146,crashlytics.com
147,tinyurl.com
148,launchdarkly.com
149,issuu.com
150,openx.net
151,wikimedia.org
152,ampproject.org
153,appsflyer.com
154,taobao.com
155,cdc.gov
156,drom.ru
157,reg.ru
158,weebly.com
159,reuters.com
160,3lift.com
161,booking.com
162,adsrvr.org
163,netangels.ru
164,google.com.br
165,cpanel.net
166,stripe.com
167,harvard.edu
168,chatgpt.com
169,php.net
170,www.gov.uk
171,steampowered.com
172,tradingview.com
173,mi.com
174,mzstatic.com
175,dailymail.co.uk
176,amazon.co.uk
177,appcenter.ms
178,ibm.com
179,slideshare.net
180,sharethrough.com
181,wiley.com
182,inmobi.com
183,salesforceliveagent.
184,ea.com
185,outbrain.com
186,branch.io
187,weather.com
188,smartadserver.com
189,go.com
190,launchpad.net
191,1c.ru
192,nature.com
193,adtrafficquality.
194,dailymotion.com
195,etsy.com
196,bloomberg.com
197,forter.com
198,adsafeprotected.com
199,debian.org
200,springer.com
201,un.org
202,dnsmadeeasy.com
203,moe.video
204,stackoverflow.com
205,gnu.org
206,wp.com
207,mcafee.com
208,checkpoint.com
209,id5-sync.com
210,google.de
211,linkos.bg
212,businessinsider.com
213,zendesk.com
214,gosuslugi.ru
215,pages.dev
216,t-mobile.com
217,ring.com
218,stanford.edu
219,independent.co.uk
220,list-manage.com
221,duckduckgo.com
222,pixabay.com
223,rutube.ru
224,huawei.com
225,braze.com
226,nasa.gov
227,notamedia.ru
228,cnbc.com
229,unsplash.com
230,alibaba.com
231,tp-link.com
232,xboxlive.com
233,aliexpress.com
234,duckdns.org
235,cloud.microsoft
236,autodesk.com
237,consultant.ru
238,force.com
239,eset.com
240,telegraph.co.uk
241,xhamster.com
242,quora.com
243,sohu.com
244,ok.ru
245,dell.com
246,netflix.net
247,ngenix.net
248,statista.com
249,google.co.uk
250,npr.org
251,eventbrite.com
252,bilibili.com
253,temu.com
254,rambler.ru
255,telegram.org
256,amazon.de
257,giphy.com
258,walmart.com
259,yahoo.co.jp
260,naver.com
261,sophos.com
262,gamepass.com
263,mozilla.com
264,teamviewer.com
265,imgsmail.ru
266,usatoday.com
267,media.net
268,time.com
269,g.page
270,grammarly.com
271,aliyun.com
272,telegram.me
273,addtoany.com
274,mikrotik.com
275,wired.com
276,speedtest.net
277,duolingo.com
278,aol.com
279,behance.net
280,indiatimes.com
281,amzn.to
282,comfortel.pro
283,scribd.com
284,mediatek.com
285,calendly.com
286,blogger.com
287,entrust.net
288,360yield.com
289,wix.com
290,ft.com
291,squarespace.com
292,uber.com
293,intel.com
294,trendmicro.com
295,verisign.com
296,shein.com
297,icloud-content.com
298,vivoglobal.com
299,surveymonkey.com
300,disqus.com
301,ietf.org
302,nypost.com
303,froggydelight.com
304,gitlab.com
305,paloaltonetworks.com
306,tds.net
307,rakuten.co.jp
308,hotjar.com
309,onetrust.com
310,ted.com
311,google.ca
312,deviantart.com
313,steamcommunity.com
314,imgur.com
315,marriott.com
316,virtualearth.net
317,vkontakte.ru
318,binance.com
319,google.fr
320,adobe.net
321,visualstudio.com
322,ca.gov
323,fast.com
324,plesk.com
325,patreon.com
326,okta.com
327,ups.com
328,line.me
329,buzzfeed.com
330,jquery.com
331,amazontrust.com
332,loc.gov
333,playstation.com
334,target.com
335,oup.com
336,trustpilot.com
337,mailchimp.com
338,aboutads.info
339,crpt.ru
340,hostgator.com
341,yandex.com
342,berkeley.edu
343,atlassian.com
344,conviva.com
345,tandfonline.com
346,amplitude.com
347,cornell.edu
348,oraclecloud.com
349,cbsnews.com
350,rt.ru
351,att.net
352,shutterstock.com
353,cookiedatabase.org
354,amazon.co.jp
355,qualtrics.com
356,docker.com
357,lijit.com
358,sapo.pt
359,livejournal.com
360,wattpad.com
361,ikea.com
362,cookielaw.org
363,techcrunch.com
364,newrelic.com
365,yelp.com
366,google.co.jp
367,coinmarketcap.com
368,yieldmo.com
369,google.es
370,mayoclinic.org
371,fontawesome.com
372,163.com
373,stackadapt.com
374,adjust.com
375,samsungapps.com
376,freepik.com
377,optimizely.com
378,bitrix24.ru
379,fandom.com
380,onlinepbx.ru
381,ieee.org
382,warnerbros.com
383,fb.com
384,latimes.com
385,dotomi.com
386,datadoghq.com
387,erome.com
388,noaa.gov
389,w3schools.com
390,elpais.com
391,theverge.com
392,redislabs.com
393,pinimg.com
394,google.it
395,free.fr
396,threads.net
397,klaviyo.com
398,google.co.in
399,service.gov.uk
400,jotform.com
401,investopedia.com
402,typeform.com
403,prnewswire.com
404,amazon.ca
405,nbcnews.com
406,brave.com
407,cambridge.org
408,dynatrace.com
409,amazon.fr
410,newsweek.com
411,avito.ru
412,intercom.io
413,hbr.org
414,coingecko.com
415,xvideos.com
416,bestbuy.com
417,zemanta.com
418,redhat.com
419,homedepot.com
420,usda.gov
421,maricopa.gov
422,mediafire.com
423,gumgum.com
424,anydesk.com
425,washington.edu
426,bugsnag.com
427,healthline.com
428,digitalocean.com
429,sberbank.ru
430,vivo.com.cn
431,contextweb.com
432,withgoogle.com
433,airbnb.com
434,shopee.co.id
435,unesco.org
436,sagepub.com
437,lemonde.fr
438,clever.com
439,linode.com
440,people.com
441,riotgames.com
442,allaboutcookies.org
443,ya.ru
444,shopee.com.br
445,fda.gov
446,fedex.com
447,mixpanel.com
448,box.com
449,amazon.in
450,pccc.com
451,onelink.me
452,rackspace.com
453,networkadvertising.org
454,service-now.com
455,cloudflareinsights.com
456,google.com.hk
457,rbc.ru
458,a-mo.net
459,zillow.com
460,usps.com
461,discordapp.com
462,express.co.uk
463,fiverr.com
464,mobile.de
465,pendo.io
466,name.com
467,mgid.com
468,cox.net
469,bandcamp.com
470,2gis.com
471,substack.com
472,google.cn
473,quickconnect.to
474,theatlantic.com
475,nationalgeographic.com
476,heylink.me
477,rspamd.com
478,onlyfans.com
479,xbox.com
480,kargo.com
481,hihonorcloud.com
482,nba.com
483,dribbble.com
484,att.com
485,themeforest.net
486,huffingtonpost.com
487,change.org
488,viber.com
489,me.com
490,istockphoto.com
491,sberdevices.ru
492,life360.com
493,unrulymedia.com
494,princeton.edu
495,amazon.it
496,360.cn
497,teads.tv
498,pbs.org
499,alidns.com
500,nest.com
